erro,dist
0.8916138410568237,0.5
0.18091809749603271,0.5
0.5620088577270508,3.5
0.15517139434814453,4.5
0.012630820274353027,1.0
0.17174005508422852,3.5
-2.202047824859619,5.0
0.4480171203613281,2.5
0.03616607189178467,1.0
-0.23523902893066406,4.0
-0.8458905220031738,5.5
-0.555146336555481,1.0
0.03430747985839844,2.0
0.03974151611328125,3.0
-0.26277732849121094,3.5
-1.777456283569336,6.0
1.1884398460388184,1.5
-0.5134849548339844,4.0
1.6242709159851074,3.0
-0.2342456579208374,1.5
0.718431830406189,0.5
-1.559401035308838,6.0
-1.2870454788208008,6.0
0.3975234031677246,3.0
0.28374719619750977,2.0
-0.09256458282470703,2.5
0.15680742263793945,4.0
-1.7102904319763184,6.0
-1.3553376197814941,6.0
0.7594385147094727,4.0
1.266491413116455,3.0
0.8902029991149902,3.0
-0.20705509185791016,4.0
0.09617185592651367,2.0
0.873990535736084,3.0
-0.6149077415466309,4.0
1.1676048040390015,0.5
0.0226668119430542,1.5
0.08975744247436523,4.0
-0.4856071472167969,4.0
0.16745376586914062,2.0
-1.7423548698425293,6.0
-3.392848491668701,6.0
-2.4612903594970703,6.0
0.21081387996673584,1.5
0.0009646415710449219,4.5
0.6678948402404785,2.5
0.10882043838500977,4.0
1.1411356925964355,2.0
-0.8247189521789551,4.0
-0.3407021760940552,1.0
1.7688441276550293,3.0
0.9319934844970703,2.5
1.0706878900527954,0.5
0.055635929107666016,2.0
-0.11909186840057373,2.0
0.9836636781692505,0.5
-2.1799778938293457,6.0
1.2185893058776855,1.5
-1.255533218383789,5.0
1.1702919006347656,1.5
0.5790996551513672,2.5
1.179102897644043,3.0
0.48847532272338867,2.5
-0.34817421436309814,1.0
-0.44465553760528564,2.0
-1.492546558380127,5.0
-0.01841294765472412,0.5
-0.6901746988296509,2.5
-0.42689573764801025,2.0
-1.8272795677185059,5.5
1.115821361541748,3.0
-0.3605203628540039,5.0
-0.5082235336303711,5.0
-0.3614763021469116,0.5
-0.9935641288757324,5.5
-0.7409334182739258,3.5
1.1316556930541992,1.5
-1.4385223388671875,5.5
-1.674088954925537,6.0
1.5307793617248535,2.5
0.8588728904724121,2.5
0.8605008125305176,3.5
0.49208343029022217,1.5
-0.7125759124755859,4.0
0.09861123561859131,1.5
-0.14824914932250977,4.0
-0.19021856784820557,1.0
-0.11097729206085205,0.5
-0.4284569025039673,2.0
-0.37616443634033203,4.5
-0.3407706022262573,0.5
-0.4445528984069824,3.5
-0.1449756622314453,3.5
-0.5674710273742676,4.5
-0.18339967727661133,4.0
-0.17853939533233643,1.0
-0.8158402442932129,3.5
-1.6974024772644043,6.0
-0.17076396942138672,3.5
0.18267154693603516,4.0
-0.648284912109375,3.5
-0.28632795810699463,2.0
1.7118220329284668,3.0
0.11194241046905518,1.5
-0.0392756462097168,5.0
0.3930271863937378,1.0
-1.7242770195007324,6.0
-0.30712616443634033,0.5
-1.5093655586242676,6.0
-1.4032635688781738,6.0
-0.800442099571228,1.0
0.6122245788574219,2.5
1.420877456665039,3.0
-1.546363353729248,5.5
-2.5760622024536133,6.0
-0.15863382816314697,1.0
0.787778377532959,3.0
-1.0121159553527832,5.5
1.0166910886764526,0.5
-0.12330293655395508,3.5
0.5657892227172852,2.0
-0.01713275909423828,5.0
0.45971691608428955,1.5
0.6300840377807617,3.5
-1.1785922050476074,5.0
0.35570430755615234,2.0
0.2454514503479004,3.5
-1.8847761154174805,6.0
-0.2662978172302246,2.5
-0.15782546997070312,4.5
-2.523324966430664,5.0
-0.4413868188858032,1.0
0.3063812255859375,2.5
0.6242060661315918,0.5
0.5641903877258301,3.0
-0.21697235107421875,2.5
-0.022411346435546875,4.5
0.022461414337158203,2.0
-0.8581510782241821,1.0
-0.1056060791015625,3.5
-0.3377629518508911,2.0
-0.3197140693664551,5.0
-0.45389318466186523,4.5
0.8968902826309204,0.5
-0.8563114404678345,1.0
1.3428301811218262,3.0
0.9014363288879395,3.0
0.19102096557617188,2.0
0.24425745010375977,5.0
-2.121723175048828,5.0
2.0201683044433594,3.0
-0.39242076873779297,4.5
-0.6732497215270996,5.5
-2.1334691047668457,4.5
-0.322818398475647,1.0
-0.40812647342681885,1.0
-1.407090187072754,5.0
1.6171321868896484,3.0
0.40885400772094727,4.0
-0.05258762836456299,2.0
-3.570641040802002,6.0
0.9674677848815918,4.0
0.9033421277999878,0.5
-0.5644364356994629,4.0
-1.5493688583374023,5.0
-1.5062471628189087,1.0
2.0638585090637207,3.0
-1.1503081321716309,4.5
-0.3506755828857422,2.5
1.4741082191467285,2.0
-0.28600215911865234,4.5
0.359377384185791,3.5
-0.3524446487426758,3.5
0.4689840078353882,1.5
-1.085911750793457,4.0
-0.6308932304382324,4.5
-0.7492256164550781,4.0
-1.540442943572998,5.5
1.0567927360534668,3.0
0.5743536949157715,4.0
-0.717711329460144,2.5
1.3925700187683105,2.5
-0.29143476486206055,3.5
-0.6058626174926758,4.5
-1.5556707382202148,5.5
-1.4098916053771973,6.0
-0.19975006580352783,2.0
-0.43979692459106445,3.5
1.4223480224609375,2.5
-0.5659581422805786,1.0
0.788020133972168,3.5
-0.0410686731338501,1.5
-0.07345831394195557,1.0
0.6160788536071777,2.5
0.16455554962158203,3.0
-2.4367775917053223,6.0
-0.332802414894104,2.0
-1.9664340019226074,6.0
-0.47398102283477783,1.0
-2.5717711448669434,6.0
-0.5645098686218262,4.0
0.610389232635498,3.5
-1.4027156829833984,5.5
-0.6624865531921387,4.0
-0.5859847068786621,4.5
-0.02461862564086914,5.5
-0.25703299045562744,0.5
0.00914144515991211,2.5
0.406949520111084,4.0
-1.9287681579589844,6.0
-0.4159280061721802,2.0
0.399808406829834,4.0
-0.5118929147720337,1.0
-3.0639206171035767,5.0
-1.1412439346313477,4.0
-1.1193337440490723,5.5
-1.1066069602966309,5.5
0.23401975631713867,4.0
-0.7230949401855469,5.0
-0.37949037551879883,4.5
0.08389341831207275,1.5
1.1864237785339355,3.0
-1.5232653617858887,6.0
0.25318431854248047,2.0
0.054440975189208984,0.5
0.05662572383880615,0.5
-0.15373849868774414,0.5
-0.6478352546691895,5.5
-0.22254085540771484,5.0
-0.02085411548614502,2.0
1.7550487518310547,3.0
-0.08472907543182373,1.5
0.7541103363037109,3.5
1.5277915000915527,2.5
-0.22530925273895264,1.5
-0.9194622039794922,5.5
0.785738468170166,0.5
-0.4633280038833618,2.0
-0.587005615234375,5.5
1.1071686744689941,3.5
-0.5811877250671387,5.0
-0.5501456260681152,3.5
0.16977202892303467,1.5
-0.09516537189483643,2.0
-0.9026223421096802,1.0
-1.202132225036621,5.0
0.47481870651245117,3.0
-1.1293549537658691,4.5
0.9543557167053223,3.0
0.08363664150238037,1.0
-0.46691465377807617,4.0
-3.9318524599075317,4.5
-0.3890242576599121,4.5
-1.9215731620788574,5.5
-1.2873272895812988,4.5
-0.3585977554321289,3.5
-0.061978816986083984,4.5
-0.916379451751709,3.5
0.5625567436218262,3.0
-1.2760519981384277,5.0
-1.7944035530090332,6.0
-0.019461750984191895,1.5
-0.4423867464065552,1.0
-0.5895795822143555,6.0
-2.330873966217041,6.0
-0.4464379549026489,2.0
1.0794501304626465,3.0
1.250828742980957,3.0
-1.019472599029541,5.0
-2.275999069213867,5.0
-0.333742618560791,4.0
-0.8926764726638794,1.0
-0.3154822587966919,2.0
-0.43872034549713135,2.0
1.5687074661254883,1.5
-0.2343754768371582,3.5
-2.0475568771362305,6.0
0.7942318916320801,3.0
1.7027435302734375,2.5
0.4671173095703125,3.0
-0.2457294464111328,2.5
-0.21742743253707886,0.5
-0.03521072864532471,1.0
-0.8479886054992676,5.5
-1.391343116760254,5.5
1.2357063293457031,3.0
-3.015371322631836,6.0
-0.5172842741012573,1.0
-3.406395435333252,6.0
-0.036934852600097656,0.5
-0.5445981025695801,5.0
-0.399061918258667,0.5
0.05986678600311279,1.0
-0.7199220657348633,4.5
0.34618616104125977,2.5
-0.30164384841918945,5.5
-0.5058269500732422,3.5
1.1672120094299316,3.5
-0.1820758581161499,0.5
-0.06207442283630371,1.0
1.5259480476379395,3.5
0.5410380363464355,3.5
-1.3977203369140625,6.0
-0.13454830646514893,1.5
0.10568356513977051,0.5
-0.8119158744812012,4.5
-0.2029585838317871,3.5
-0.37740159034729004,0.5
-0.542396068572998,3.5
-0.2631545066833496,2.5
-0.21598684787750244,1.0
-1.8697166442871094,6.0
1.1860079765319824,3.0
0.5821318626403809,2.5
-0.6238951683044434,4.5
-2.031857967376709,6.0
-0.5915828943252563,2.5
1.2298579216003418,3.0
0.31239354610443115,1.5
0.018963336944580078,2.5
-0.6256923675537109,4.5
-0.7998886108398438,5.5
-0.6294225454330444,1.0
0.44554567337036133,2.0
-0.13016939163208008,4.0
0.01735210418701172,5.0
0.02862834930419922,5.0
0.22830533981323242,3.0
-0.6261130571365356,1.0
-0.23448848724365234,3.5
-1.6101455688476562,4.5
-0.6309981346130371,4.0
0.7627202272415161,0.5
0.039155006408691406,4.5
-0.06680762767791748,1.5
-1.3479914665222168,5.5
0.31363677978515625,2.0
-1.3446831703186035,5.0
-2.8617897033691406,6.0
-1.2771892547607422,5.5
-0.09657144546508789,3.5
-0.26396799087524414,4.5
-0.20907127857208252,1.0
-0.0576786994934082,3.5
0.34517860412597656,4.0
0.7683439254760742,1.5
-0.9993273019790649,0.5
0.5771660804748535,3.0
0.47938966751098633,2.0
1.628072738647461,2.5
-0.5954852104187012,4.0
0.016869068145751953,5.0
-0.9584941864013672,5.5
-1.3038477897644043,6.0
-0.7318712472915649,1.0
-0.22726404666900635,2.0
-0.1980823278427124,1.0
-0.6679277420043945,5.0
-2.472553253173828,6.0
-0.5079008340835571,2.0
0.036412715911865234,4.0
0.5543608665466309,1.5
-0.2732740640640259,2.0
0.2938971519470215,3.0
-0.5286951065063477,3.5
-0.03389942646026611,2.0
-2.2098708152770996,4.5
-1.017162799835205,4.0
-2.2686233520507812,5.0
-0.1304950714111328,4.5
-0.3538099527359009,1.0
0.21857309341430664,3.5
-1.6348366737365723,6.0
-1.6928791999816895,5.5
0.45757150650024414,4.5
-0.5349860191345215,4.5
-1.462996006011963,5.5
0.700904369354248,3.5
0.43013250827789307,0.5
-2.2776098251342773,6.0
0.4418625831604004,4.0
0.051091551780700684,1.5
-0.4985227584838867,5.0
0.7827019691467285,3.0
0.2554432153701782,0.5
-0.0514678955078125,4.0
0.7916984558105469,3.5
-0.34983646869659424,1.0
-0.11821651458740234,4.0
-1.3705787658691406,5.5
0.8318681716918945,1.5
-0.03763008117675781,3.5
-1.2263622283935547,5.5
-2.5384716987609863,6.0
-0.11831855773925781,5.0
-1.3980021476745605,5.5
-0.6297146081924438,1.0
-0.1509021520614624,0.5
0.12217843532562256,1.5
1.8278923034667969,2.0
-0.09885025024414062,4.5
-0.5891838073730469,4.5
1.1130595207214355,1.5
-0.5722470283508301,4.5
-0.3965268135070801,3.5
1.1082091331481934,1.5
0.9033145904541016,3.0
0.3379634618759155,0.5
0.4146074056625366,0.5
0.016477108001708984,2.0
0.7961173057556152,4.0
0.6918549537658691,2.5
-0.7063431739807129,5.0
-0.6807349920272827,2.5
0.4137892723083496,2.5
-1.266477108001709,4.5
0.4115562438964844,2.0
0.3303866386413574,3.0
-0.4828801155090332,4.0
0.9428753852844238,3.5
-1.4486985206604004,6.0
-0.2478313446044922,5.0
0.9845743179321289,2.5
-0.1609102487564087,1.0
2.190680503845215,2.5
0.5773220062255859,4.5
-1.1252121925354004,5.5
-0.14931344985961914,4.0
0.860771656036377,3.0
-1.9549765586853027,6.0
0.8801816701889038,0.5
-0.4771103858947754,4.5
0.8229923248291016,1.5
-1.4800138473510742,5.0
-2.460310459136963,6.0
-2.783212184906006,6.0
0.32461071014404297,2.0
-0.7293003797531128,1.0
-0.7899974584579468,1.0
0.4078441858291626,0.5
-1.3852448463439941,5.5
-0.33681267499923706,0.5
-1.5068488121032715,5.5
-0.9230440855026245,1.0
-0.31458282470703125,5.0
0.2250591516494751,1.5
-0.2964431047439575,1.0
-2.0529541969299316,6.0
-0.8165645599365234,5.0
0.45118749141693115,1.5
0.40353262424468994,1.5
0.3354344367980957,2.0
-0.3830695152282715,5.0
0.25366926193237305,2.0
1.0335149765014648,2.0
0.47646260261535645,0.5
0.1110844612121582,4.0
-0.1710495948791504,4.5
-0.4250359535217285,2.5
0.4778941869735718,0.5
-0.7116366624832153,1.5
0.8878430128097534,0.5
-1.3185186386108398,6.0
-0.7852002382278442,1.0
0.6695871353149414,2.5
-0.6029853820800781,3.5
-0.0942997932434082,4.0
-0.7048478126525879,5.5
-1.4411001205444336,5.5
-1.2892603874206543,5.0
-2.0396108627319336,6.0
1.8397526741027832,3.0
-0.29645657539367676,1.5
-2.1992030143737793,6.0
-0.12937438488006592,0.5
2.0701446533203125,3.0
-0.28338193893432617,3.5
0.644798755645752,0.5
-1.9619159698486328,5.0
-0.8794460296630859,6.0
0.45167315006256104,0.5
0.08049726486206055,2.0
1.4561548233032227,2.5
-0.11437475681304932,1.0
-1.0666122436523438,5.5
-0.8864922523498535,3.5
1.736426830291748,2.5
-0.6341633796691895,4.0
0.2882188558578491,1.0
-0.8367242813110352,5.5
1.8242201805114746,3.0
-0.5861711502075195,4.5
0.6493730545043945,2.5
-0.7904338836669922,4.0
-0.31368494033813477,4.5
2.0051703453063965,3.0
-0.7383556365966797,3.5
0.21087265014648438,3.5
1.7093243598937988,3.0
-0.43161916732788086,4.0
-0.11232149600982666,1.0
-0.18518173694610596,1.5
-0.05876350402832031,5.0
0.9920849800109863,3.0
1.869699478149414,1.5
-0.4839797019958496,4.0
0.40954411029815674,1.5
-0.3913402557373047,3.5
-0.24528980255126953,2.5
1.0531282424926758,2.5
1.5346884727478027,1.5
0.07797574996948242,2.0
-0.6545072793960571,2.0
-1.3957014083862305,4.0
0.19079256057739258,2.5
1.1584724187850952,0.5
-1.2400403022766113,4.5
0.4484137296676636,1.0
0.5783233642578125,1.5
-1.6325430870056152,5.5
-0.7602849006652832,5.0
0.8368563652038574,2.5
-1.5577549934387207,6.0
-2.600923538208008,5.0
0.3333076238632202,0.5
0.11582565307617188,2.5
-0.662775993347168,4.0
-0.7980718612670898,4.5
0.16333651542663574,0.5
-1.2912635803222656,4.5
-0.34288549423217773,5.0
-1.586799144744873,5.5
0.7458606958389282,0.5
0.6557230949401855,3.0
1.1470580101013184,3.0
0.3353266716003418,0.5
0.7034368515014648,1.5
0.1820516586303711,2.5
0.33655309677124023,4.0
-1.3479609489440918,6.0
0.7924323081970215,3.0
0.9840421676635742,2.5
-0.2565035820007324,4.5
0.41497039794921875,4.0
0.44241857528686523,0.5
-1.6952714920043945,6.0
-0.0676884651184082,3.5
-0.008339881896972656,4.0
-1.9724345207214355,5.0
0.06202125549316406,4.5
0.04772329330444336,2.5
-0.7680039405822754,4.0
0.5960850715637207,3.0
-0.14116382598876953,3.5
0.4641157388687134,0.5
-0.9474245309829712,1.0
-0.9632940292358398,5.5
-1.3335657119750977,5.5
-1.8524656295776367,6.0
0.07122993469238281,5.0
-0.3269995450973511,0.5
-1.0269203186035156,5.5
1.5040574073791504,3.0
-0.5379886627197266,5.0
-1.787437915802002,6.0
-1.2556174993515015,1.0
-1.2846055030822754,4.5
0.2989954948425293,2.0
-1.059049129486084,4.5
0.04434490203857422,4.0
0.5173144340515137,4.0
-0.2091388702392578,2.5
0.6076869964599609,1.5
1.8593811988830566,3.0
-0.8025116920471191,4.5
-3.0296883583068848,6.0
-1.417701244354248,4.5
0.2859247922897339,1.5
-2.147922992706299,5.5
1.1782841682434082,4.5
0.9760856628417969,2.0
-1.0397729873657227,6.0
0.00044095516204833984,0.5
0.626215934753418,2.5
-0.014365196228027344,5.5
-0.5143218040466309,5.5
0.5239319801330566,2.5
-0.24752187728881836,0.5
1.1782450675964355,3.0
0.765902042388916,3.5
-2.109774589538574,6.0
-0.11659443378448486,2.0
0.21788442134857178,1.0
0.6835131645202637,3.0
0.27479255199432373,0.5
-0.2740849256515503,1.5
-0.803046703338623,5.0
-0.7821803092956543,4.5
-0.52088463306427,1.0
-0.44173574447631836,4.0
0.5064239501953125,2.0
-0.15583133697509766,2.5
-0.2962679862976074,3.5
-1.89752197265625,4.5
-0.11901915073394775,0.5
-0.6586785316467285,5.5
-0.36306989192962646,0.5
-0.9524426460266113,6.0
0.07923460006713867,4.5
-0.8788328170776367,4.0
-0.7939457893371582,5.0
-1.8164706230163574,6.0
0.22137486934661865,1.5
-1.756357192993164,5.0
0.9499711990356445,3.0
1.2915410995483398,2.5
0.427722692489624,0.5
-0.2130880355834961,4.0
0.23627257347106934,1.0
-1.5204901695251465,5.5
-0.79315185546875,5.5
-0.510138988494873,3.5
-0.24050378799438477,4.5
0.6999349594116211,1.5
0.37963807582855225,1.5
0.4721740484237671,0.5
-0.17351388931274414,4.0
0.06244182586669922,3.5
1.233996868133545,3.0
1.0510802268981934,2.5
-0.3490103483200073,1.0
0.15896475315093994,1.5
1.2907719612121582,3.0
-0.7507824897766113,4.5
-0.9128661155700684,5.5
-0.5434298515319824,4.5
-0.9883012771606445,6.0
-1.111971378326416,6.0
-0.30230581760406494,1.0
0.9262533187866211,1.5
-0.5286622047424316,4.0
-0.26204168796539307,2.0
0.4015922546386719,3.5
-0.467893123626709,3.5
-1.431321620941162,6.0
-0.7518925666809082,5.0
-0.5489217042922974,1.0
-0.7554965019226074,4.0
-0.25202512741088867,5.0
-1.8281421661376953,5.5
0.7352786064147949,2.5
-0.27419614791870117,4.5
-1.6970882415771484,5.0
-1.4481024742126465,4.0
-0.5458648204803467,0.5
0.025013089179992676,1.5
0.5040674209594727,1.5
-0.6674400568008423,1.0
-2.871138095855713,6.0
-0.7600693702697754,5.0
0.3335537910461426,2.5
0.16534173488616943,0.5
0.7434072494506836,2.5
0.0075855255126953125,4.5
0.4005378484725952,1.5
-0.9150956869125366,1.5
0.17239665985107422,3.0
-0.2458958625793457,2.5
1.4268836975097656,3.0
1.1665358543395996,3.5
0.7645478248596191,3.0
0.30638551712036133,2.5
-0.4158378839492798,1.0
1.2604966163635254,3.0
0.12850141525268555,2.0
-0.1288968324661255,2.0
0.2692446708679199,2.0
1.811335563659668,2.0
1.4403719902038574,3.0
1.5135488510131836,3.0
-2.05055570602417,6.0
0.5903110504150391,1.5
-1.7475228309631348,5.5
0.11253345012664795,1.5
-1.4908876419067383,5.0
-0.14161622524261475,2.0
0.09310722351074219,2.0
-0.5311989784240723,5.5
-0.27326536178588867,4.0
-0.7777730226516724,1.0
-0.32606184482574463,2.0
-1.611445426940918,5.5
-3.26751708984375,6.0
-2.2242913246154785,6.0
-0.22401058673858643,0.5
-0.4177865982055664,3.5
-2.113363742828369,6.0
0.37594926357269287,1.5
-2.264756202697754,6.0
-0.39746952056884766,5.5
-0.21987581253051758,4.5
-0.5559730529785156,5.0
0.9461722373962402,4.5
-2.26096248626709,6.0
0.9796408414840698,0.5
-2.316835403442383,6.0
-0.022498726844787598,0.5
-2.895023822784424,6.0
1.3093938827514648,2.5
0.03293192386627197,1.0
-2.835249900817871,6.0
-1.6445798873901367,5.5
0.5643405914306641,1.5
0.8068825006484985,0.5
0.3447831869125366,1.5
-0.2557497024536133,1.5
-0.11581957340240479,0.5
-0.4231257438659668,5.5
1.1187191009521484,3.0
-0.8818764686584473,4.5
-1.8245701789855957,5.0
-0.8116459846496582,5.0
-0.6027259826660156,5.5
0.2163466215133667,1.5
-0.4775996208190918,4.5
0.6482434272766113,2.5
0.35752344131469727,2.0
-0.1346116065979004,5.5
-0.12648534774780273,4.0
-1.0419907569885254,4.0
1.8006043434143066,2.5
-0.17778360843658447,1.5
-1.3885612487792969,5.5
0.283044695854187,1.5
-0.043257832527160645,1.5
-0.18125486373901367,0.5
-0.6452221870422363,5.5
-0.49547016620635986,1.0
0.048709869384765625,2.0
1.117504596710205,3.5
0.5475653409957886,0.5
-0.14519071578979492,3.5
0.190576434135437,1.5
-0.0008169412612915039,1.5
-1.479642391204834,6.0
-2.035905361175537,5.5
-0.6699763536453247,2.5
-0.5851006507873535,5.5
-1.6275653839111328,5.5
-0.07552444934844971,1.0
1.0872756242752075,0.5
1.6242403984069824,1.5
-0.5757346153259277,5.0
-0.24190711975097656,3.5
-0.10864639282226562,4.5
-0.2619466781616211,4.5
0.32326841354370117,2.0
0.7637405395507812,4.5
0.759305477142334,2.5
-1.0260491371154785,6.0
0.37984228134155273,3.5
-0.8491873741149902,6.0
-0.28326094150543213,2.0
-0.6725516319274902,4.0
-0.05304670333862305,4.5
0.3442559242248535,4.0
1.049919605255127,3.5
0.08737945556640625,2.0
-0.001360774040222168,2.0
-0.8140182495117188,5.5
-1.2128863334655762,5.0
1.597032070159912,3.0
-0.12640047073364258,2.5
-1.676382064819336,5.0
-0.7420516014099121,3.5
-0.060687899589538574,1.0
-0.44891273975372314,1.0
-0.656692624092102,1.0
-1.181900978088379,5.5
1.825777530670166,3.0
-1.879307746887207,5.0
-1.1263275146484375,4.0
-0.6119505167007446,2.0
-0.2179107666015625,3.5
-1.0822134017944336,5.5
-0.2541314363479614,1.0
0.105643630027771,1.0
-0.2977919578552246,3.5
1.340346336364746,3.0
0.09768342971801758,4.5
-0.22731828689575195,4.5
-0.43254899978637695,5.5
0.20827388763427734,4.5
-0.2952389717102051,3.0
1.8569235801696777,3.0
1.3033289909362793,3.0
-0.17409038543701172,4.5
-0.3220949172973633,2.5
-0.22015869617462158,2.0
-1.3109660148620605,5.5
0.17672300338745117,4.0
-0.472623348236084,5.0
-0.325014591217041,4.5
1.0176620483398438,3.0
0.4408220052719116,1.5
-0.15210533142089844,3.0
-1.165515422821045,5.5
0.28699254989624023,2.0
-0.5737596750259399,2.0
0.05328404903411865,0.5
-0.39632081985473633,4.0
0.26999855041503906,2.5
-1.0782203674316406,3.5
1.281835913658142,0.5
-0.49253129959106445,4.0
0.002887248992919922,2.5
0.2637779712677002,0.5
-2.399806499481201,6.0
-0.2748805284500122,2.0
2.352734088897705,3.0
0.2173832654953003,1.0
-0.8622817993164062,4.5
0.5085434913635254,2.5
0.6407454013824463,0.5
0.3680591583251953,5.0
0.8922700881958008,3.0
-0.2871187925338745,0.5
-0.9144067764282227,5.5
1.2573847770690918,2.5
1.0566210746765137,3.0
0.9175195693969727,2.0
0.4216517210006714,1.5
0.477497935295105,1.5
-1.4249944686889648,6.0
-0.11089754104614258,4.0
0.7344989776611328,1.5
0.7035870552062988,4.0
-0.8382773399353027,5.5
-1.8788208961486816,6.0
-0.1877812147140503,0.5
-0.6533598899841309,5.0
-1.9133648872375488,5.0
0.9778623580932617,3.0
-1.585221767425537,6.0
0.04452991485595703,4.5
-1.927323341369629,6.0
1.53965425491333,2.5
0.6551461219787598,2.5
0.1696186065673828,2.5
0.7496724128723145,2.5
-0.1402832269668579,1.0
-2.36672306060791,6.0
-0.2617607116699219,4.0
1.3915538787841797,3.5
0.0772857666015625,2.0
0.7394189834594727,0.5
1.0465106964111328,1.0
-0.5204998254776001,1.0
-2.0933871269226074,5.0
0.10164117813110352,4.0
-0.15162277221679688,4.5
0.4673948287963867,3.0
-0.35078394412994385,2.0
1.903334617614746,2.5
0.5927966833114624,1.0
-0.6712818145751953,3.5
-0.6415702104568481,1.0
0.817664623260498,3.0
-0.8939323425292969,5.0
-0.2967609167098999,0.5
-2.4023852348327637,5.5
-0.36704587936401367,4.5
0.09449911117553711,2.5
0.04501616954803467,0.5
0.5830655097961426,4.0
-0.10708463191986084,1.0
-0.16700410842895508,4.5
-0.0029293298721313477,1.5
0.548072338104248,3.5
-0.20209026336669922,4.0
-0.6184984445571899,1.0
0.8890299797058105,3.0
-0.727302074432373,5.5
-0.6768273115158081,1.5
0.06778097152709961,3.5
0.596714973449707,3.0
-0.5928961038589478,2.0
-0.4957389831542969,4.5
-2.5174012184143066,6.0
1.3335838317871094,2.0
-0.3611370325088501,0.5
-1.1448801755905151,1.0
-0.07673680782318115,2.0
-1.227097988128662,5.5
-0.3583526611328125,5.5
-0.6674137115478516,4.0
0.956233024597168,4.0
-0.2722492218017578,3.5
-0.18581533432006836,3.0
0.3397865295410156,0.5
-0.8169565200805664,5.5
-1.590125560760498,5.5
-0.34367895126342773,3.5
0.29466187953948975,0.5
1.209571361541748,3.0
1.7550153732299805,1.5
0.032324790954589844,5.0
2.658602714538574,2.5
-0.30307817459106445,3.5
-2.437041759490967,6.0
0.12940824031829834,1.0
-2.6207523345947266,5.0
-1.168419361114502,5.5
-0.6193714141845703,3.5
0.24230670928955078,4.5
1.648451328277588,3.0
-1.2844300270080566,5.5
0.6668248176574707,2.5
0.197806715965271,1.5
-1.5303807258605957,5.5
-0.45296812057495117,5.0
-1.901412010192871,6.0
-0.5009641647338867,5.0
-0.2603158950805664,3.0
0.17703485488891602,4.0
-0.5082025527954102,4.0
-0.2853466272354126,1.0
0.7943849563598633,4.5
0.13116204738616943,1.5
-1.5237364768981934,5.0
-0.23721027374267578,4.0
-0.4765573740005493,2.0
-0.9493727684020996,5.0
-0.03298389911651611,1.0
-0.7895469665527344,5.5
0.25537109375,4.0
0.5943565368652344,1.5
0.4940152168273926,3.5
0.4498593807220459,0.5
-0.1317448616027832,4.5
-0.32833242416381836,4.0
-0.09167921543121338,0.5
0.887944221496582,3.0
-0.23534691333770752,2.0
-0.496051549911499,1.5
0.9789233207702637,1.5
-0.12650728225708008,0.5
-1.2479701042175293,6.0
0.028541922569274902,0.5
0.48563051223754883,2.5
1.3292360305786133,2.0
-1.1734671592712402,5.5
-0.8718743324279785,3.5
0.13031435012817383,2.5
1.444075584411621,3.0
0.4670710563659668,2.0
-0.19088029861450195,3.0
1.0852742195129395,1.5
-0.24087393283843994,1.0
-0.17657995223999023,2.5
0.32980024814605713,1.5
-1.2029986381530762,6.0
-0.389377236366272,1.0
-1.2869811058044434,5.5
-2.2371840476989746,5.0
-0.59912109375,3.5
0.6725668907165527,2.5
0.2131209373474121,4.0
0.8552513122558594,3.0
2.5810046195983887,1.5
-0.39015674591064453,4.0
0.10285460948944092,1.0
0.5276532173156738,2.5
0.7927746772766113,3.0
-2.993419647216797,6.0
0.6264591217041016,1.5
-0.3009096384048462,2.0
-0.9051942825317383,5.0
-0.7731118202209473,3.5
-0.2140566110610962,2.0
-1.3920350074768066,6.0
-0.6293638944625854,0.5
-0.39000558853149414,3.5
-2.2639904022216797,6.0
0.3637338876724243,0.5
0.475429892539978,0.5
0.6203131675720215,3.0
-2.293715476989746,6.0
0.9726815223693848,3.5
0.28280508518218994,0.5
-0.5272938013076782,1.0
-0.5158166885375977,4.0
-0.4048968553543091,2.0
-0.07030093669891357,2.0
-1.0491243600845337,1.0
-1.3303980827331543,6.0
0.01276099681854248,1.0
0.3417387008666992,2.5
-0.12204611301422119,1.0
-2.3932747840881348,6.0
1.2537579536437988,2.5
0.8668408393859863,2.0
-1.1626462936401367,5.5
0.00617063045501709,0.5
-0.1524418592453003,1.5
-0.41819286346435547,3.0
-0.4846615791320801,5.5
-0.3195977210998535,4.0
-1.3497657775878906,6.0
0.08348000049591064,0.5
-1.4934439659118652,5.5
-0.39661550521850586,4.0
0.737154483795166,5.0
-0.513898491859436,2.0
-0.45387887954711914,5.5
-0.5044994354248047,5.0
-0.1337195634841919,2.0
0.7946615219116211,2.0
-0.18115007877349854,2.0
-0.6956863403320312,3.5
-1.379690170288086,4.0
-0.13015222549438477,2.5
0.3619903326034546,1.5
-1.4049406051635742,5.5
-0.07080328464508057,1.5
-1.2058391571044922,5.5
0.09869182109832764,1.0
-0.8230552673339844,5.5
-0.7439273595809937,1.0
-0.14528417587280273,4.5
0.6649699211120605,0.5
0.13350248336791992,3.0
-0.8095173835754395,4.5
1.3304438591003418,3.5
0.34830236434936523,3.5
1.3864235877990723,2.0
-0.871880054473877,5.0
-0.003982067108154297,4.0
1.5934910774230957,3.0
0.13942527770996094,4.0
0.4265251159667969,2.0
-1.2754340171813965,5.0
-1.718541145324707,5.0
-0.03591632843017578,2.5
-0.5546389818191528,2.0
-0.48790979385375977,4.5
-0.20341360569000244,1.0
-0.7596368789672852,5.0
0.6093297004699707,1.5
1.2316241264343262,2.5
0.9843802452087402,2.5
0.5024528503417969,4.5
-0.6809192895889282,2.0
-0.7026863098144531,5.5
-0.0626983642578125,4.0
0.13621509075164795,1.5
-0.23667049407958984,5.0
-0.5822668075561523,3.5
-0.15593338012695312,4.0
-0.3618522882461548,1.0
-0.27121877670288086,2.5
-0.31113195419311523,5.5
-2.5487418174743652,6.0
1.7758631706237793,3.0
0.1278080940246582,5.0
-1.1025996208190918,5.5
-0.43665897846221924,1.0
-0.7747836112976074,3.5
-0.07354366779327393,1.5
0.840975284576416,2.5
0.9144220352172852,1.5
-1.221564769744873,4.5
-1.1939949989318848,4.5
-0.2783689498901367,5.0
-0.6279177665710449,5.0
-0.950879693031311,1.0
1.350168228149414,3.0
-0.3633075952529907,1.0
0.7649435997009277,3.0
-0.2733025550842285,3.5
-0.18104982376098633,3.5
-0.06207907199859619,1.5
0.6020317077636719,3.5
-0.2399219274520874,1.0
-1.079732894897461,6.0
-0.16389155387878418,0.5
-2.4301700592041016,5.0
-0.14439153671264648,4.0
1.0375922918319702,0.5
-1.4231476783752441,5.0
0.8394465446472168,4.5
-0.9410414695739746,4.5
-0.795677661895752,4.0
1.1830768585205078,1.5
-2.3994765281677246,6.0
-0.6007199287414551,5.5
-0.2687736749649048,1.5
0.9477453231811523,3.0
0.2165989875793457,2.0
0.5651357173919678,0.5
0.6939020156860352,2.5
-0.09308528900146484,4.5
-0.06506013870239258,4.0
-0.49678003787994385,2.0
0.19566774368286133,3.5
-0.41995376348495483,0.5
-0.17180204391479492,3.5
0.0766834020614624,1.0
-0.0221785306930542,1.5
0.5116509199142456,0.5
1.5283002853393555,4.5
0.7335300445556641,2.0
-0.6027731895446777,3.5
-0.7303071022033691,5.5
1.218576431274414,2.5
-2.131603240966797,5.0
0.372495174407959,2.5
-0.3913912773132324,5.5
-0.1463719606399536,0.5
-0.002830028533935547,4.0
-0.8529391288757324,5.5
-1.537856101989746,5.0
-1.7396330833435059,5.0
-0.7700085639953613,5.5
-0.5813045501708984,6.0
-0.1725996732711792,1.5
0.12253475189208984,2.5
1.7411789894104004,3.0
1.3109707832336426,3.0
-1.0360965728759766,5.0
-0.3651996850967407,2.0
1.894172191619873,3.0
-1.4408354759216309,6.0
-0.3805018663406372,1.0
-1.7656826972961426,6.0
0.2619878053665161,1.5
0.25601422786712646,1.5
-0.17964553833007812,4.0
-0.09526634216308594,1.0
-0.5692615509033203,3.5
-0.2363506555557251,1.0
-0.6126494407653809,4.5
-0.25351953506469727,2.5
-0.4398937225341797,5.0
0.9160962104797363,1.5
-1.6586713790893555,6.0
-1.944352626800537,5.0
-0.23586320877075195,2.5
0.13465499877929688,4.0
-0.24331998825073242,4.5
-1.260425090789795,4.5
0.11619091033935547,2.0
-1.1508264541625977,4.5
0.4154907464981079,0.5
0.035822391510009766,3.5
0.09341967105865479,1.5
0.32080256938934326,0.5
-0.7084898948669434,3.5
0.011835098266601562,2.5
-0.14682304859161377,1.0
0.023646831512451172,4.5
0.35317134857177734,0.5
-0.46774721145629883,4.5
0.37950611114501953,2.5
-0.24024629592895508,5.0
-0.47416460514068604,2.0
-0.38790369033813477,3.5
1.0080056190490723,2.0
0.7840628623962402,2.5
-0.7400026321411133,4.5
-0.2948331832885742,5.0
0.5338172912597656,2.0
-0.7713651657104492,4.5
-1.9354233741760254,6.0
1.9411797523498535,3.0
0.28543221950531006,1.5
0.5396981239318848,3.5
0.8761124610900879,1.5
0.7535128593444824,4.5
0.38120126724243164,2.5
0.6310033798217773,5.0
0.1516118049621582,3.5
-0.2068781852722168,5.0
0.040598511695861816,0.5
-0.12338733673095703,2.5
-0.4814354181289673,1.0
-1.3446383476257324,5.5
-0.05847644805908203,3.5
-0.40127670764923096,1.0
0.25396299362182617,2.0
-0.41694211959838867,3.5
-1.1406903266906738,5.5
-0.9599685668945312,5.0
-1.2841391563415527,5.0
0.030551910400390625,5.5
-3.184628486633301,6.0
-0.6952738761901855,4.0
-1.0173344612121582,4.5
-0.8054342269897461,5.0
